<?xml version="1.0" encoding="UTF-8"?>
<DEFECTS>
  <DEFECT>
    <SFA>
      <FILEPATH>g:\编程\chess\decisiontree</FILEPATH>
      <FILENAME>common.h</FILENAME>
      <LINE>70</LINE>
      <COLUMN>0</COLUMN>
    </SFA>
    <DEFECTCODE>26495</DEFECTCODE>
    <DESCRIPTION>Variable 'Action::coveredChessType' is uninitialized. Always initialize a member variable (type.6).</DESCRIPTION>
    <FUNCTION>Action::{ctor}</FUNCTION>
    <DECORATED>??0Action@@QAE@XZ</DECORATED>
    <FUNCLINE>70</FUNCLINE>
    <PATH></PATH>
  </DEFECT>
  <DEFECT>
    <SFA>
      <FILEPATH>g:\编程\chess\decisiontree</FILEPATH>
      <FILENAME>hash.h</FILENAME>
      <LINE>200</LINE>
      <COLUMN>0</COLUMN>
    </SFA>
    <DEFECTCODE>26495</DEFECTCODE>
    <DESCRIPTION>Variable 'SearchResult::value' is uninitialized. Always initialize a member variable (type.6).</DESCRIPTION>
    <FUNCTION>SearchResult::{ctor}</FUNCTION>
    <DECORATED>??0SearchResult@@QAE@XZ</DECORATED>
    <FUNCLINE>200</FUNCLINE>
    <PATH></PATH>
  </DEFECT>
  <DEFECT>
    <SFA>
      <FILEPATH>g:\编程\chess\decisiontree</FILEPATH>
      <FILENAME>hash.h</FILENAME>
      <LINE>200</LINE>
      <COLUMN>0</COLUMN>
    </SFA>
    <DEFECTCODE>26495</DEFECTCODE>
    <DESCRIPTION>Variable 'SearchResult::type' is uninitialized. Always initialize a member variable (type.6).</DESCRIPTION>
    <FUNCTION>SearchResult::{ctor}</FUNCTION>
    <DECORATED>??0SearchResult@@QAE@XZ</DECORATED>
    <FUNCLINE>200</FUNCLINE>
    <PATH></PATH>
  </DEFECT>
  <DEFECT>
    <SFA>
      <FILEPATH>g:\编程\chess\decisiontree</FILEPATH>
      <FILENAME>tree.cpp</FILENAME>
      <LINE>13</LINE>
      <COLUMN>6</COLUMN>
    </SFA>
    <DEFECTCODE>26495</DEFECTCODE>
    <DESCRIPTION>Variable 'Tree::timeOver' is uninitialized. Always initialize a member variable (type.6).</DESCRIPTION>
    <FUNCTION>Tree::{ctor}</FUNCTION>
    <DECORATED>??0Tree@@QAE@QAY08H@Z</DECORATED>
    <FUNCLINE>13</FUNCLINE>
    <PATH></PATH>
  </DEFECT>
  <DEFECT>
    <SFA>
      <FILEPATH>g:\编程\chess\decisiontree</FILEPATH>
      <FILENAME>tree.cpp</FILENAME>
      <LINE>13</LINE>
      <COLUMN>6</COLUMN>
    </SFA>
    <DEFECTCODE>26495</DEFECTCODE>
    <DESCRIPTION>Variable 'Tree::lastTime' is uninitialized. Always initialize a member variable (type.6).</DESCRIPTION>
    <FUNCTION>Tree::{ctor}</FUNCTION>
    <DECORATED>??0Tree@@QAE@QAY08H@Z</DECORATED>
    <FUNCLINE>13</FUNCLINE>
    <PATH></PATH>
  </DEFECT>
  <DEFECT>
    <SFA>
      <FILEPATH>g:\编程\chess\decisiontree</FILEPATH>
      <FILENAME>tree.cpp</FILENAME>
      <LINE>13</LINE>
      <COLUMN>6</COLUMN>
    </SFA>
    <DEFECTCODE>26495</DEFECTCODE>
    <DESCRIPTION>Variable 'Tree::aiKingChess' is uninitialized. Always initialize a member variable (type.6).</DESCRIPTION>
    <FUNCTION>Tree::{ctor}</FUNCTION>
    <DECORATED>??0Tree@@QAE@QAY08H@Z</DECORATED>
    <FUNCLINE>13</FUNCLINE>
    <PATH></PATH>
  </DEFECT>
  <DEFECT>
    <SFA>
      <FILEPATH>g:\编程\chess\decisiontree</FILEPATH>
      <FILENAME>tree.cpp</FILENAME>
      <LINE>13</LINE>
      <COLUMN>6</COLUMN>
    </SFA>
    <DEFECTCODE>26495</DEFECTCODE>
    <DESCRIPTION>Variable 'Tree::playerKingChess' is uninitialized. Always initialize a member variable (type.6).</DESCRIPTION>
    <FUNCTION>Tree::{ctor}</FUNCTION>
    <DECORATED>??0Tree@@QAE@QAY08H@Z</DECORATED>
    <FUNCLINE>13</FUNCLINE>
    <PATH></PATH>
  </DEFECT>
  <DEFECT>
    <SFA>
      <FILEPATH>g:\编程\chess\decisiontree</FILEPATH>
      <FILENAME>tree.cpp</FILENAME>
      <LINE>202</LINE>
      <COLUMN>17</COLUMN>
    </SFA>
    <DEFECTCODE>6011</DEFECTCODE>
    <DESCRIPTION>Dereferencing NULL pointer 'bestAction.from'. </DESCRIPTION>
    <FUNCTION>Tree::deepSearch</FUNCTION>
    <DECORATED>?deepSearch@Tree@@AAEPAUDecision@@H@Z</DECORATED>
    <FUNCLINE>165</FUNCLINE>
    <PROBABILITY>1</PROBABILITY>
    <RANK>4</RANK>
    <CATEGORY>
      <RULECATEGORY>mspft</RULECATEGORY>
    </CATEGORY>
    <PATH>
      <SFA>
        <FILEPATH>g:\编程\chess\decisiontree</FILEPATH>
        <FILENAME>tree.cpp</FILENAME>
        <LINE>167</LINE>
        <COLUMN>8</COLUMN>
        <KEYEVENT>
          <ID>1</ID>
          <KIND>declaration</KIND>
          <IMPORTANCE>Essential</IMPORTANCE>
          <MESSAGE>'bestAction.from' may be NULL</MESSAGE>
        </KEYEVENT>
      </SFA>
      <SFA>
        <FILEPATH>g:\编程\chess\decisiontree</FILEPATH>
        <FILENAME>tree.cpp</FILENAME>
        <LINE>168</LINE>
        <COLUMN>10</COLUMN>
      </SFA>
      <SFA>
        <FILEPATH>g:\编程\chess\decisiontree</FILEPATH>
        <FILENAME>tree.cpp</FILENAME>
        <LINE>169</LINE>
        <COLUMN>5</COLUMN>
      </SFA>
      <SFA>
        <FILEPATH>g:\编程\chess\decisiontree</FILEPATH>
        <FILENAME>tree.cpp</FILENAME>
        <LINE>170</LINE>
        <COLUMN>5</COLUMN>
      </SFA>
      <SFA>
        <FILEPATH>g:\编程\chess\decisiontree</FILEPATH>
        <FILENAME>tree.cpp</FILENAME>
        <LINE>171</LINE>
        <COLUMN>25</COLUMN>
      </SFA>
      <SFA>
        <FILEPATH>g:\编程\chess\decisiontree</FILEPATH>
        <FILENAME>tree.cpp</FILENAME>
        <LINE>172</LINE>
        <COLUMN>22</COLUMN>
      </SFA>
      <SFA>
        <FILEPATH>g:\编程\chess\decisiontree</FILEPATH>
        <FILENAME>tree.cpp</FILENAME>
        <LINE>173</LINE>
        <COLUMN>5</COLUMN>
      </SFA>
      <SFA>
        <FILEPATH>g:\编程\chess\decisiontree</FILEPATH>
        <FILENAME>tree.cpp</FILENAME>
        <LINE>174</LINE>
        <COLUMN>6</COLUMN>
      </SFA>
      <SFA>
        <FILEPATH>g:\编程\chess\decisiontree</FILEPATH>
        <FILENAME>tree.cpp</FILENAME>
        <LINE>175</LINE>
        <COLUMN>36</COLUMN>
      </SFA>
      <SFA>
        <FILEPATH>g:\编程\chess\decisiontree</FILEPATH>
        <FILENAME>tree.cpp</FILENAME>
        <LINE>199</LINE>
        <COLUMN>36</COLUMN>
      </SFA>
      <SFA>
        <FILEPATH>g:\编程\chess\decisiontree</FILEPATH>
        <FILENAME>tree.cpp</FILENAME>
        <LINE>200</LINE>
        <COLUMN>6</COLUMN>
      </SFA>
      <SFA>
        <FILEPATH>g:\编程\chess\decisiontree</FILEPATH>
        <FILENAME>tree.cpp</FILENAME>
        <LINE>202</LINE>
        <COLUMN>17</COLUMN>
        <KEYEVENT>
          <ID>2</ID>
          <KIND>usage</KIND>
          <IMPORTANCE>Essential</IMPORTANCE>
          <MESSAGE>'bestAction.from' is dereferenced, but may still be NULL</MESSAGE>
        </KEYEVENT>
      </SFA>
    </PATH>
  </DEFECT>
  <DEFECT>
    <SFA>
      <FILEPATH>g:\编程\chess\decisiontree</FILEPATH>
      <FILENAME>tree.cpp</FILENAME>
      <LINE>204</LINE>
      <COLUMN>16</COLUMN>
    </SFA>
    <DEFECTCODE>6011</DEFECTCODE>
    <DESCRIPTION>Dereferencing NULL pointer 'bestAction.des'. </DESCRIPTION>
    <FUNCTION>Tree::deepSearch</FUNCTION>
    <DECORATED>?deepSearch@Tree@@AAEPAUDecision@@H@Z</DECORATED>
    <FUNCLINE>165</FUNCLINE>
    <PROBABILITY>1</PROBABILITY>
    <RANK>4</RANK>
    <CATEGORY>
      <RULECATEGORY>mspft</RULECATEGORY>
    </CATEGORY>
    <PATH>
      <SFA>
        <FILEPATH>g:\编程\chess\decisiontree</FILEPATH>
        <FILENAME>tree.cpp</FILENAME>
        <LINE>167</LINE>
        <COLUMN>8</COLUMN>
        <KEYEVENT>
          <ID>1</ID>
          <KIND>declaration</KIND>
          <IMPORTANCE>Essential</IMPORTANCE>
          <MESSAGE>'bestAction.des' may be NULL</MESSAGE>
        </KEYEVENT>
      </SFA>
      <SFA>
        <FILEPATH>g:\编程\chess\decisiontree</FILEPATH>
        <FILENAME>tree.cpp</FILENAME>
        <LINE>168</LINE>
        <COLUMN>10</COLUMN>
      </SFA>
      <SFA>
        <FILEPATH>g:\编程\chess\decisiontree</FILEPATH>
        <FILENAME>tree.cpp</FILENAME>
        <LINE>169</LINE>
        <COLUMN>5</COLUMN>
      </SFA>
      <SFA>
        <FILEPATH>g:\编程\chess\decisiontree</FILEPATH>
        <FILENAME>tree.cpp</FILENAME>
        <LINE>170</LINE>
        <COLUMN>5</COLUMN>
      </SFA>
      <SFA>
        <FILEPATH>g:\编程\chess\decisiontree</FILEPATH>
        <FILENAME>tree.cpp</FILENAME>
        <LINE>171</LINE>
        <COLUMN>25</COLUMN>
      </SFA>
      <SFA>
        <FILEPATH>g:\编程\chess\decisiontree</FILEPATH>
        <FILENAME>tree.cpp</FILENAME>
        <LINE>172</LINE>
        <COLUMN>22</COLUMN>
      </SFA>
      <SFA>
        <FILEPATH>g:\编程\chess\decisiontree</FILEPATH>
        <FILENAME>tree.cpp</FILENAME>
        <LINE>173</LINE>
        <COLUMN>5</COLUMN>
      </SFA>
      <SFA>
        <FILEPATH>g:\编程\chess\decisiontree</FILEPATH>
        <FILENAME>tree.cpp</FILENAME>
        <LINE>174</LINE>
        <COLUMN>6</COLUMN>
      </SFA>
      <SFA>
        <FILEPATH>g:\编程\chess\decisiontree</FILEPATH>
        <FILENAME>tree.cpp</FILENAME>
        <LINE>175</LINE>
        <COLUMN>36</COLUMN>
      </SFA>
      <SFA>
        <FILEPATH>g:\编程\chess\decisiontree</FILEPATH>
        <FILENAME>tree.cpp</FILENAME>
        <LINE>199</LINE>
        <COLUMN>36</COLUMN>
      </SFA>
      <SFA>
        <FILEPATH>g:\编程\chess\decisiontree</FILEPATH>
        <FILENAME>tree.cpp</FILENAME>
        <LINE>200</LINE>
        <COLUMN>6</COLUMN>
      </SFA>
      <SFA>
        <FILEPATH>g:\编程\chess\decisiontree</FILEPATH>
        <FILENAME>tree.cpp</FILENAME>
        <LINE>202</LINE>
        <COLUMN>17</COLUMN>
      </SFA>
      <SFA>
        <FILEPATH>g:\编程\chess\decisiontree</FILEPATH>
        <FILENAME>tree.cpp</FILENAME>
        <LINE>203</LINE>
        <COLUMN>17</COLUMN>
      </SFA>
      <SFA>
        <FILEPATH>g:\编程\chess\decisiontree</FILEPATH>
        <FILENAME>tree.cpp</FILENAME>
        <LINE>204</LINE>
        <COLUMN>16</COLUMN>
        <KEYEVENT>
          <ID>2</ID>
          <KIND>usage</KIND>
          <IMPORTANCE>Essential</IMPORTANCE>
          <MESSAGE>'bestAction.des' is dereferenced, but may still be NULL</MESSAGE>
        </KEYEVENT>
      </SFA>
    </PATH>
  </DEFECT>
</DEFECTS>